0000000122301,Pride and Prejudice,Jane Austen,4,AR1,1,4
0000000122302,To Kill a Mockingbird,Harper Lee,4,TT4,1,4
0000000122303,The Da Vinci Code,Dan Brown,4,YT6,1,4
0000000122304,The Catcher in the Rye,J. D. Salinger,4,OP2,1,4
0000000122305,The Great Gatsby,F. Scott Fitzgerald,4,GH7,1,4
0000000122306,Twilight,Stephenie Meyer,4,KL9,1,4
0000000122307,The Hunger Games,Suzanne Collins,4,PY8,1,4
0000000122308,Jane Eyre,Charlotte BrontÃ«,4,MN2,1,4
0000000122309,Animal Farm,George Orwell,4,BD5,1,4
0000000122310,The Kite Runner,Khaled Hosseini,4,GJ7,1,4
0000000122311,Brave New World,Aldous Huxley,4,JK3,1,4
0000000122312,The Lord of the Rings,J. R. R. Tolkien,4,DT3,1,4
0000000122313,The Fellowship of the Ring,J. R. R. Tolkien,4,VJ4,1,4
0000000122314,Fahrenheit 451,Ray Bradbury,4,HL1,1,4
0000000122315,Wuthering Heights,Emily Bronte,4,CR7,1,4
0000000122316,New Moon,Stephenie Meyer,4,CJ2,1,4
0000000122317,Angels & Demons,Dan Brown,4,FT6,1,4
0000000122318,The Odyssey,Homer,4,RE8,1,4
0000000122319,Lord of the Flies,William Golding,4,BJ9,1,4
0000000122320,Life of Pi,Yann Martel,4,ML2,1,4
0000000122321,My Magical book,Saravanan,2,QE3,1,3
0000000122322,Hadoop basics,Thomas Johnson,4,SE2,1,5
0000000122323,The Two Towers, J. R. R. Tolkien,4,UL4,1,5
0000000122324,Catching Fire, Suzanne Collins,4,GH3,1,5
0000000122325,Slaughterhouse-Five,Kurt Vonnegut,4,FD7,1,5
0000000122326,One Hundred Years of Solitude,Gabriel Garcia Marquez,4,IL9,1,5
0000000122327,Eclipse,Stephenie Meyer,4,TR5,1,5
0000000122328,The Girl with the Dragon Tattoo,Stieg Larsson,4,BN1,1,5
0000000122329,The Return of The King,J. R. R. Tolkien,4,NL5,1,5
0000000122330,The Time Traveler's Wife,Audrey Niffenegger,4,VC7,1,5
0000000122331,Crime and Punishment,Fyodor Dostoevsky,4,KL9,1,5
0000000122332,The Book Thief,Markus Zusak,4,OP8,1,5
0000000122333,Ender's Game,Orson Scott Card,4,IT5,1,5
0000000122334,Breaking Dawn,Stephenie Meyer,4,RE3,1,5
0000000122335,The Adventures of Huckleberry Finn,Mark Twain,4,HN6,1,5
0000000122336,Catch-22,Joseph Heller,4,BV4,1,5
0000000122337,Mockingjay,Suzanne Collins,4,QA3,1,5
0000000122338,The Little Prince,Antoine de Saint-Exupéry,4,UT5,1,5
0000000122339,A Game of Thrones,George R. R. Martin,4,DC9,1,5
0000000122340,Memoirs of a Geisha,Arthur Golden,4,JK1,1,5