121,Rebecca Grant,Chief
122,Josie Owen,Assistant
123,Selena Bruce,Assistant
124,Dayana Hoover,Reference
125,Beckham Ryan,Chief
126,Darrell Yang,Assistant
127,Allen Flynn,Assistant
128,Ivan Gonzalez,Reference
129,Jacob Moore,Checkout
130,Jose Morales,Checkout
131,Ryan White,Deptassc
132,Pacho Herrera,Deptassc
133,Jerry Elliot,Chief
134,Tim Daniel,Assistant
135,Tanya Rojas,Assistant
136,Kendrick Jones,Reference
137,Nancy Ramos,Checkout
138,Emma Vu,Deptassc
139,Jade Brown,Assistant
140,Julia Hoang,Assistant
141,Vicky Joel,Chief
142,Rom Sell,Assistant
143,Alexander Great,Assistant
144,White Hill,Reference
145,Maximus Zues,Checkout
146,Salint Edward,Deptassc
147,Winson Quill,Deptassc
148,Keti Walk,Chief
149,Frank Gallaghar,Assistant
150,Fiona Gallagher,Assistant
151,Lip Gallagher,Reference
152,Deborah Gallagher,Checkout
153,Carl Gallagher,Deptassc
154,Ian Gallagher,Deptassc
155,Steve Kane,Chief
156,Shawn Stephen,Assistant
157,Francesa Mendoza,Assistant
158,Angel Dart,Reference
159,David Ngyuen,Deptassc
160,Cling Vu,Deptassc